Date,Booster,LaunchSite,PayloadMass,Orbit,LandingOutcome
195,"January 3, 202314:56[17]",F9 B5B1060‑15,"Cape Canaveral, SLC‑40",Transporter-6 (115 payload smallsat rideshare),Unknown[j]
196,"January 10, 202304:50[23]",F9 B5B1076‑2,"Cape Canaveral, SLC‑40",OneWeb 16 (40 satellites),"6,000 kg (13,000 lb)"
FH 5,"January 15, 202322:56[29]",Falcon Heavy B5B1070 (core),"Kennedy, LC‑39A",USSF-67 (CBAS-2 & LDPE-3A),"~3,750 kg (8,270 lb)"
197,"January 18, 202312:24[33]",F9 B5B1077‑2,"Cape Canaveral, SLC‑40",USA-343 (GPS-III SV06),"4,352 kg (9,595 lb)"
198,"January 19, 202315:43[39]",F9 B5B1075‑1,"Vandenberg, SLC‑4E",Starlink: Group 2-4 (51 satellites),"15,000 kg (33,000 lb)"
199,"January 26, 202309:32[40]",F9 B5B1067‑9,"Cape Canaveral, SLC‑40",Starlink: Group 5-2 (56 satellites),"~17,400 kg (38,400 lb)"
200,"January 31, 202316:15[42]",F9 B5B1071‑7,"Vandenberg, SLC‑4E",Starlink: Group 2-6 (49 satellites),"~15,200 kg (33,500 lb)"
201,"February 2, 202307:58[42]",F9 B5B1069‑5,"Kennedy, LC‑39A",Starlink: Group 5-3 (53 satellites),"16,500 kg (36,400 lb)"
202,"February 7, 202301:32[46]",F9 B5B1073‑6,"Cape Canaveral, SLC‑40",Amazonas Nexus,"4,146 kg (9,140 lb)"
203,"February 12, 202305:10[52]",F9 B5B1062‑12,"Cape Canaveral, SLC‑40",Starlink: Group 5-4 (55 satellites),"17,100 kg (37,700 lb)"
204,"February 17, 202319:12[52]",F9 B5B1063‑9,"Vandenberg, SLC‑4E",Starlink: Group 2-5 (51 satellites),"15,900 kg (35,100 lb)"
205,"February 18, 202303:59[57]",F9 B5B1077‑3,"Cape Canaveral, SLC‑40",Inmarsat-6 F2,"5,470 kg (12,060 lb)"
206,"February 27, 202323:13[63]",F9 B5B1076‑3,"Cape Canaveral, SLC‑40",Starlink: Group 6-1 (21 satellites),"~15,300 kg (33,700 lb)"
207,"March 2, 202305:34[69]",F9 B5B1078‑1,"Kennedy, LC‑39A",Crew-6 (Crew Dragon C206-4 Endeavour),"~13,000 kg (29,000 lb)"
208,"March 3, 202318:38[63]",F9 B5B1061‑12,"Vandenberg, SLC‑4E",Starlink: Group 2-7 (51 satellites),"15,900 kg (35,100 lb)"
209,"March 9, 202319:13[73]",F9 B5B1062‑13,"Cape Canaveral, SLC‑40",OneWeb 17 (40 satellites),"6,000 kg (13,000 lb)"
210,"March 15, 202300:30[74]",F9 B5B1073‑7,"Kennedy, LC‑39A",SpaceX CRS-27 (Dragon C209-3),"2,852 kg (6,288 lb)"
211,"March 17, 202319:26[79]",F9 B5B1071‑8,"Vandenberg, SLC‑4E",Starlink: Group 2-8 (52 satellites),"~16,200 kg (35,700 lb)"
212,"March 17, 202323:38[79]",F9 B5B1069‑6,"Cape Canaveral, SLC‑40",SES-18 & SES-19,"~7,000 kg (15,000 lb)"
213,"March 24, 202315:43[82]",F9 B5B1067‑10,"Cape Canaveral, SLC‑40",Starlink: Group 5-5 (56 satellites),"~17,400 kg (38,400 lb)"
214,"March 29, 202320:01[84]",F9 B5B1077‑4,"Cape Canaveral, SLC‑40",Starlink: Group 5-10 (56 satellites),"~17,400 kg (38,400 lb)"
215,"April 2, 202314:29[85]",F9 B5B1075‑2,"Vandenberg, SLC‑4E",SDA Tranche 0A (10 satellites),Unknown
216,"April 7, 202304:30[87]",F9 B5B1076‑4,"Cape Canaveral, SLC‑40",Intelsat 40e,"~5,588 kg (12,319 lb)"
217,"April 15, 202306:47[90]",F9 B5B1063‑10,"Vandenberg, SLC‑4E",Transporter-7 (51 payload smallsat rideshare),Unknown
218,"April 19, 202314:31[93]",F9 B5B1073‑8,"Cape Canaveral, SLC‑40",Starlink: Group 6-2 (21 satellites),"~15,300 kg (33,700 lb)"
219,"April 27, 202313:40[94]",F9 B5B1061‑13,"Vandenberg, SLC‑4E",Starlink: Group 3-5 (46 satellites),"~14,100 kg (31,100 lb)"
220,"April 28, 202322:12[95]",F9 B5B1078‑2,"Cape Canaveral, SLC‑40",O3b mPOWER 3 & 4,"~4,100 kg (9,000 lb)"
FH 6,"May 1, 202300:26[99]",Falcon Heavy B5B1068 (core),"Kennedy, LC‑39A",ViaSat-3 Americas[100][101],"6,400 kg (14,100 lb)"
221,"May 4, 202307:31[105]",F9 B5B1069‑7,"Cape Canaveral, SLC‑40",Starlink: Group 5-6 (56 satellites),"~17,400 kg (38,400 lb)"
222,"May 10, 202320:09[107]",F9 B5B1075‑3[108],"Vandenberg, SLC‑4E",Starlink: Group 2-9 (51 satellites),"15,900 kg (35,100 lb)"
223,"May 14, 202305:03[109]",F9 B5B1067‑11,"Cape Canaveral, SLC‑40",Starlink: Group 5-9 (56 satellites),"~17,400 kg (38,400 lb)"
224,"May 19, 202306:19[110]",F9 B5B1076‑5,"Cape Canaveral, SLC‑40",Starlink: Group 6-3 (22 satellites),"~16,100 kg (35,500 lb)"
225,"May 20, 202313:16[110]",F9 B5B1063‑11,"Vandenberg, SLC‑4E",Iridium-NEXT[111] (5 satellites)OneWeb (15 Gen1 plus a Gen2 test satellite)[112],"~6,600 kg (14,600 lb)"
226,"May 21, 202321:37[113]",F9 B5B1080‑1,"Kennedy, LC‑39A",Ax-2 (Crew Dragon C212-2 Freedom),"~13,000 kg (29,000 lb)"
227,"May 27, 202304:30[119]",F9 B5B1062‑14,"Cape Canaveral, SLC‑40",ArabSat 7B (Badr-8)[120],"~4,500 kg (9,900 lb)"
228,"May 31, 202306:02[122]",F9 B5B1061‑14,"Vandenberg, SLC‑4E",Starlink: Group 2-10 (52 satellites),"~16,400 kg (36,200 lb)"
229,"June 4, 202312:20[122]",F9 B5B1078‑3,"Cape Canaveral, SLC‑40",Starlink: Group 6-4 (22 satellites),"~16,100 kg (35,500 lb)"
230,"June 5, 202315:47[123]",F9 B5B1077‑5,"Kennedy, LC‑39A",SpaceX CRS-28 (Dragon C208-4),"~3,304 kg (7,284 lb)"
231,"June 12, 202307:10[124]",F9 B5B1073‑9,"Cape Canaveral, SLC‑40",Starlink: Group 5-11 (52 satellites),"~16,400 kg (36,200 lb)"
232,"June 12, 202321:35[125]",F9 B5B1071‑9,"Vandenberg, SLC‑4E",Transporter-8 (72 payload smallsat rideshare),Unknown[j]
233,"June 18, 202322:21[126]",F9 B5B1067‑12[127],"Cape Canaveral, SLC‑40",SATRIA[128],"~4,580 kg (10,100 lb)"
234,"June 22, 202307:19[126]",F9 B5B1075‑4[129],"Vandenberg, SLC‑4E",Starlink: Group 5-7 (47 satellites),"~14,500 kg (32,000 lb)"
235,"June 23, 202315:35[131]",F9 B5B1069‑8,"Cape Canaveral, SLC‑40",Starlink: Group 5-12 (56 satellites),"~17,400 kg (38,400 lb)"
236,"July 1, 202315:12[132]",F9 B5B1080‑2,"Cape Canaveral, SLC‑40",Euclid,"~2,160 kg (4,760 lb)"
237,"July 7, 202319:29[134]",F9 B5B1063‑12[135],"Vandenberg, SLC‑4E",Starlink: Group 5-13 (48 satellites),"~14,900 kg (32,800 lb)"
238,"July 10, 202303:58[134]",F9 B5B1058‑16,"Cape Canaveral, SLC‑40",Starlink: Group 6-5 (22 satellites),"~16,100 kg (35,500 lb)"
239,"July 16, 202303:50[136]",F9 B5B1060‑16[137],"Cape Canaveral, SLC‑40",Starlink: Group 5-15 (54 satellites),"~16,700 kg (36,800 lb)"
240,"July 20, 202304:09[138]",F9 B5B1071‑10,"Vandenberg, SLC‑4E",Starlink: Group 6-15 (15 satellites),"~12,000 kg (26,000 lb)"
241,"July 24, 202300:50[138]",F9 B5B1076‑6,"Cape Canaveral, SLC‑40",Starlink: Group 6-6 (22 satellites),"~16,100 kg (35,500 lb)"
242,"July 28, 202304:01[139]",F9 B5B1062‑15,"Cape Canaveral, SLC‑40",Starlink: Group 6-7 (22 satellites),"~16,100 kg (35,500 lb)"
FH 7,"July 29, 202303:04[140]",Falcon Heavy B5B1074 (core),"Kennedy, LC‑39A",Jupiter-3 (EchoStar-24)[141],"~9,200 kg (20,300 lb)"
243,"August 3, 202305:00[144]",F9 B5B1077‑6,"Cape Canaveral, SLC‑40",Galaxy 37,"~5,063 kg (11,162 lb)"
244,"August 7, 202302:41[149]",F9 B5B1078‑4,"Cape Canaveral, SLC‑40",Starlink: Group 6-8 (22 satellites),"~16,100 kg (35,500 lb)"
245,"August 8, 202303:57[150]",F9 B5B1075‑5,"Vandenberg, SLC‑4E",Starlink: Group 6-20 (15 satellites),"~12,000 kg (26,000 lb)"
246,"August 11, 202305:17[151]",F9 B5B1069‑9,"Cape Canaveral, SLC‑40",Starlink: Group 6-9 (22 satellites),"~16,100 kg (35,500 lb)"
247,"August 17, 202303:36[152]",F9 B5B1067‑13,"Cape Canaveral, SLC‑40",Starlink: Group 6-10 (22 satellites),"~16,100 kg (35,500 lb)"
248,"August 22, 202309:37[153]",F9 B5B1061‑15,"Vandenberg, SLC‑4E",Starlink: Group 7-1 (21 satellites),"~15,300 kg (33,700 lb)"
249,"August 26, 202307:27[154]",F9 B5B1081‑1[155],"Kennedy, LC‑39A",Crew-7[156] (Crew Dragon C210-3 Endurance),"~13,000 kg (29,000 lb)"
250,"August 27, 202301:05[158]",F9 B5B1080‑3,"Cape Canaveral, SLC‑40",Starlink: Group 6-11 (22 satellites),"~16,100 kg (35,500 lb)"
251,"September 1, 202302:21[159]",F9 B5B1077‑7,"Cape Canaveral, SLC‑40",Starlink: Group 6-13 (22 satellites),"~16,100 kg (35,500 lb)"
252,"September 2, 202302:21[160]14:25[161]",F9 B5B1063‑13,"Vandenberg, SLC‑4E",SDA Tranche 0B (13 satellites),Unknown
253,"September 4, 202302:47[162]",F9 B5B1073‑10,"Kennedy, LC‑39A",Starlink: Group 6-12 (22 satellites),"~15,300 kg (33,700 lb)"
254,"September 9, 202303:12[163]",F9 B5B1076‑7,"Cape Canaveral, SLC‑40",Starlink: Group 6-14 (22 satellites),"~16,100 kg (35,500 lb)"
255,"September 12, 202306:57[164]",F9 B5B1071‑11,"Vandenberg, SLC‑4E",Starlink: Group 7-2 (21 satellites),"~15,300 kg (33,700 lb)"
256,"September 16, 202303:38[165]",F9 B5B1078‑5,"Cape Canaveral, SLC‑40",Starlink: Group 6-16 (22 satellites),"~16,100 kg (35,500 lb)"
257,"September 20, 202303:38[168]",F9 B5B1058‑17,"Cape Canaveral, SLC‑40",Starlink: Group 6-17 (22 satellites),"~16,100 kg (35,500 lb)"
258,"September 24, 202303:38[169]",F9 B5B1060‑17,"Cape Canaveral, SLC‑40",Starlink: Group 6-18 (22 satellites),"~16,100 kg (35,500 lb)"
259,"September 25, 202308:48[170]",F9 B5B1075‑6,"Vandenberg, SLC‑4E",Starlink: Group 7-3 (21 satellites),"~15,300 kg (33,700 lb)"
260,"September 30, 202302:00[171]",F9 B5B1069‑10,"Cape Canaveral, SLC‑40",Starlink: Group 6-19 (22 satellites),"~16,100 kg (35,500 lb)"
261,"October 5, 202305:36[172]",F9 B5B1076‑8,"Cape Canaveral, SLC‑40",Starlink: Group 6-21 (22 satellites),"~16,100 kg (35,500 lb)"
262,"October 9, 202307:23[173]",F9 B5B1063‑14,"Vandenberg, SLC‑4E",Starlink: Group 7-4 (21 satellites),"~15,300 kg (33,700 lb)"
FH 8,"October 13, 202314:19[174]",Falcon Heavy B5B1079 (core)[175],"Kennedy, LC‑39A",Psyche[176],"~2,608 kg (5,750 lb)"
263,"October 13, 202323:01[179]",F9 B5B1067‑14,"Cape Canaveral, SLC‑40",Starlink: Group 6-22 (22 satellites),"~16,100 kg (35,500 lb)"
264,"October 18, 202300:39[180]",F9 B5B1062‑16,"Cape Canaveral, SLC‑40",Starlink: Group 6-23 (22 satellites),"~16,100 kg (35,500 lb)"
265,"October 21, 202308:23[181]",F9 B5B1061‑16,"Vandenberg, SLC‑4E",Starlink: Group 7-5 (21 satellites),"~15,300 kg (33,700 lb)"
266,"October 22, 202302:17[182]",F9 B5B1080‑4,"Cape Canaveral, SLC‑40",Starlink: Group 6-24 (23 satellites),"~16,800 kg (37,000 lb)"
267,"October 29, 202309:00[183]",F9 B5B1075‑7,"Vandenberg, SLC‑4E",Starlink: Group 7-6 (22 satellites),"~16,100 kg (35,500 lb)"
268,"October 30, 202323:20[184]",F9 B5B1077‑8,"Cape Canaveral, SLC‑40",Starlink: Group 6-25 (23 satellites),"~16,800 kg (37,000 lb)"
269,"November 4, 202300:37[185]",F9 B5B1058‑18,"Cape Canaveral, SLC‑40",Starlink: Group 6-26 (23 satellites),"~16,800 kg (37,000 lb)"
270,"November 8, 202305:05[186]",F9 B5B1073‑11,"Cape Canaveral, SLC‑40",Starlink: Group 6-27 (23 satellites),"~16,800 kg (37,000 lb)"
271,"November 10, 202301:28[187]",F9 B5B1081‑2,"Kennedy, LC‑39A",SpaceX CRS-29 (Dragon C211-2),"~9,525 kg (20,999 lb)"
272,"November 11, 202318:49[189]",F9 B5B1071‑12,"Vandenberg, SLC‑4E",Transporter-9 (113 payload smallsat rideshare),Unknown[j]
273,"November 12, 202321:08[191]",F9 B5B1076‑9,"Cape Canaveral, SLC‑40",O3b mPOWER 5 & 6,"~4,100 kg (9,000 lb)"
274,"November 18, 202305:05[192]",F9 B5B1069‑11,"Cape Canaveral, SLC‑40",Starlink: Group 6-28 (23 satellites),"~16,800 kg (37,000 lb)"
275,"November 20, 202310:30[193]",F9 B5B1063‑15,"Vandenberg, SLC‑4E",Starlink: Group 7-7 (22 satellites),"~16,100 kg (35,500 lb)"
276,"November 22, 202307:47[194]",F9 B5B1067‑15,"Cape Canaveral, SLC‑40",Starlink: Group 6-29 (23 satellites),"~16,800 kg (37,000 lb)"
277,"November 28, 202304:20[195]",F9 B5B1062‑17,"Cape Canaveral, SLC‑40",Starlink: Group 6-30 (23 satellites),"~16,800 kg (37,000 lb)"
278,"December 1, 202318:19[196]",F9 B5B1061‑17,"Vandenberg, SLC‑4E",425 Project satellite[197]EIRSAT-1 and others 23 secondary payloads[198],"~800 kg (1,800 lb)(main satellite)"
279,"December 3, 202304:00[200]",F9 B5B1078‑6,"Cape Canaveral, SLC‑40",Starlink: Group 6-31 (23 satellites),"~16,800 kg (37,000 lb)"
280,"December 7, 202305:07[201]",F9 B5B1077‑9,"Cape Canaveral, SLC‑40",Starlink: Group 6-33 (23 satellites),"~16,800 kg (37,000 lb)"
281,"December 8, 202308:03[202]",F9 B5B1071‑13,"Vandenberg, SLC‑4E",Starlink: Group 7-8 (22 satellites),"~16,100 kg (35,500 lb)"
282,"December 19, 202304:01[206]",F9 B5B1081‑3,"Cape Canaveral, SLC‑40",Starlink: Group 6-34 (23 satellites),"~16,800 kg (37,000 lb)"
283,"December 23, 202305:33[207]",F9 B5B1058‑19,"Cape Canaveral, SLC‑40",Starlink: Group 6-32 (23 satellites),"~16,800 kg (37,000 lb)"
284,"December 24, 202313:11[209]",F9 B5B1075‑8,"Vandenberg, SLC‑4E",SARah 2 & 3[210],"~3,600 kg (7,900 lb)"
FH 9,"December 29, 202301:07[212]",Falcon Heavy B5 B1084 (core)[213],"Kennedy, LC‑39A",USSF-52 (Boeing X-37B OTV-7),"6,350 kg (14,000 lb)+ OTV payload"
285,"December 29, 202304:01[220]",F9 B5B1069‑12,"Cape Canaveral, SLC‑40",Starlink: Group 6-36 (23 satellites),"~16,800 kg (37,000 lb)"
286,"January 3, 202403:44[228]",F9 B5B1082‑1,"Vandenberg, SLC‑4E",Starlink: Group 7-9 (22 satellites),"~16,800 kg (37,000 lb)"
287,"January 3, 202423:04[229]",F9 B5B1076‑10,"Cape Canaveral, SLC‑40",Ovzon-3,"1,800 kg (4,000 lb)"
288,"January 7, 202422:35[233]",F9 B5B1067‑16,"Cape Canaveral, SLC‑40",Starlink: Group 6-35 (23 satellites),"~17,100 kg (37,700 lb)"
289,"January 14, 202408:59[235]",F9 B5B1061‑18,"Vandenberg, SLC‑4E",Starlink: Group 7-10 (22 satellites),"~16,700 kg (36,800 lb)"
290,"January 15, 202401:52[236]",F9 B5B1073‑12,"Cape Canaveral, SLC‑40",Starlink: Group 6-37 (23 satellites),"~17,100 kg (37,700 lb)"
291,"January 18, 202421:49[239]",F9 B5B1080‑5,"Kennedy, LC‑39A",Ax-3 (Crew Dragon C212-3 Freedom),"~13,000 kg (29,000 lb)"
292,"January 24, 202400:35[242]",F9 B5B1063‑16,"Vandenberg, SLC‑4E",Starlink: Group 7-11 (22 satellites),"~16,700 kg (36,800 lb)"
293,"January 29, 202401:10[243]",F9 B5B1062‑18,"Kennedy, LC‑39A",Starlink: Group 6-38 (23 satellites),"~17,100 kg (37,700 lb)"
294,"January 29, 202405:57[244]",F9 B5B1075‑9,"Vandenberg, SLC‑4E",Starlink: Group 7-12 (22 satellites),"~16,700 kg (36,800 lb)"
295,"January 30, 202417:07[245]",F9 B5B1077‑10,"Cape Canaveral, SLC‑40",CRS NG-20,"3,726 kg (8,214 lb)"
296,"February 8, 202406:33[248]",F9 B5B1081‑4,"Cape Canaveral, SLC‑40",PACE,"1,694 kg (3,735 lb)"
297,"February 10, 202400:34[250]",F9 B5B1071‑14,"Vandenberg, SLC‑4E",Starlink: Group 7-13 (22 satellites),"~16,700 kg (36,800 lb)"
298,"February 14, 202422:30[251]",F9 B5B1078‑7,"Cape Canaveral, SLC‑40",USSF-124 (6 satellites),Unknown
299,"February 15, 202406:05[253]",F9 B5B1060‑18,"Kennedy, LC‑39A",IM-1 Nova-C Odysseus lander,"1,931 kg (4,257 lb)"
300,"February 15, 202421:34[258]",F9 B5B1082‑2,"Vandenberg, SLC‑4E",Starlink: Group 7-14 (22 satellites),"~16,700 kg (36,800 lb)"
301,"February 20, 202420:11[260]",F9 B5B1067‑17,"Cape Canaveral, SLC‑40",Telkomsat HTS 113BT,"4,000 kg (8,800 lb)"
302,"February 23, 202404:11[262]",F9 B5B1061‑19,"Vandenberg, SLC‑4E",Starlink: Group 7-15 (22 satellites),"~16,700 kg (36,800 lb)"
303,"February 25, 202422:06[264]",F9 B5B1069‑13,"Cape Canaveral, SLC‑40",Starlink: Group 6-39 (24 satellites),"~17,500 kg (38,600 lb)"
304,"February 29, 202415:30[266]",F9 B5B1076‑11,"Cape Canaveral, SLC‑40",Starlink: Group 6-40 (23 satellites),"~17,100 kg (37,700 lb)"
305,"March 4, 202403:53[267]",F9 B5B1083‑1,"Kennedy, LC‑39A",Crew-8 (Crew Dragon C206-5 Endeavour),"~13,000 kg (29,000 lb)"
306,"March 4, 202422:05[269]",F9 B5B1081‑5,"Vandenberg, SLC‑4E",Transporter-10 (53 payload smallsat rideshare),Unknown[j]
307,"March 4, 202423:56[272]",F9 B5B1073‑13,"Cape Canaveral, SLC‑40",Starlink: Group 6-41 (23 satellites),"~17,100 kg (37,700 lb)"
308,"March 10, 202423:05[274]",F9 B5B1077‑11,"Cape Canaveral, SLC‑40",Starlink: Group 6-43 (23 satellites),"~17,100 kg (37,700 lb)"
309,"March 11, 202404:09[275]",F9 B5B1063‑17,"Vandenberg, SLC‑4E",Starlink: Group 7-17 (23 satellites),"~17,100 kg (37,700 lb)"
310,"March 16, 202400:21[276]",F9 B5B1062‑19,"Kennedy, LC‑39A",Starlink: Group 6-44 (23 satellites),"~17,100 kg (37,700 lb)"
311,"March 19, 202402:28[277]",F9 B5B1075‑10,"Vandenberg, SLC‑4E",Starlink: Group 7-16 (20 satellites) + 2 Starshield satellites,"~16,300 kg (35,900 lb)(Starlink)"
312,"March 21, 202420:55[280]",F9 B5B1080‑6,"Cape Canaveral, SLC‑40",SpaceX CRS-30 (Dragon C209-4),"2,721 kg (5,999 lb)"
313,"March 24, 202403:09[282]",F9 B5B1060‑19,"Kennedy, LC‑39A",Starlink: Group 6-42 (23 satellites),"~17,100 kg (37,700 lb)"
314,"March 25, 202423:42[283]",F9 B5B1078‑8,"Cape Canaveral, SLC‑40",Starlink: Group 6-46 (23 satellites),"~17,100 kg (37,700 lb)"
315,"March 30, 202421:52[285]",F9 B5B1076‑12,"Kennedy, LC‑39A",Eutelsat 36D,"5,000 kg (11,000 lb)"
316,"March 31, 202401:30[286]",F9 B5B1067‑18,"Cape Canaveral, SLC‑40",Starlink: Group 6-45 (23 satellites),"~17,100 kg (37,700 lb)"
317,"April 2, 202402:30[287]",F9 B5B1071‑15,"Vandenberg, SLC‑4E",Starlink: Group 7-18 (22 satellites),"~16,700 kg (36,800 lb)"
318,"April 5, 202409:12[288]",F9 B5B1069‑14,"Cape Canaveral, SLC‑40",Starlink: Group 6-47 (23 satellites),"~17,100 kg (37,700 lb)"
319,"April 7, 202402:25[289]",F9 B5B1081‑6,"Vandenberg, SLC‑4E",Starlink: Group 8-1 (21 satellites),"~16,800 kg (37,000 lb)"
320,"April 7, 202423:16[290]",F9 B5B1073‑14,"Kennedy, LC‑39A",Bandwagon-1 (11 payload smallsat rideshare),Unknown[j]
321,"April 10, 202405:40[292]",F9 B5B1083‑2,"Cape Canaveral, SLC‑40",Starlink: Group 6-48 (23 satellites),"~17,100 kg (37,700 lb)"
322,"April 11, 202414:25[293]",F9 B5B1082‑3,"Vandenberg, SLC‑4E",USSF-62 (WSF-M 1),"1,200 kg (2,600 lb)"
323,"April 13, 202401:40[295]",F9 B5B1062‑20,"Cape Canaveral, SLC‑40",Starlink: Group 6-49 (23 satellites),"~17,100 kg (37,700 lb)"
324,"April 17, 202421:26[296]",F9 B5B1077‑12,"Kennedy, LC‑39A",Starlink: Group 6-51 (23 satellites),"~17,100 kg (37,700 lb)"
325,"April 18, 202422:40[297]",F9 B5B1080‑7,"Cape Canaveral, SLC‑40",Starlink: Group 6-52 (23 satellites),"~17,100 kg (37,700 lb)"
326,"April 23, 202422:17[298]",F9 B5B1078‑9,"Cape Canaveral, SLC‑40",Starlink: Group 6-53 (23 satellites),"~17,100 kg (37,700 lb)"
327,"April 28, 202400:34[300]",F9 B5B1060‑20,"Kennedy, LC‑39A",Galileo-L12 (FOC FM25 & FM27),"1,600 kg (3,500 lb)"
328,"April 28, 202422:08[301]",F9 B5B1076‑13,"Cape Canaveral, SLC‑40",Starlink: Group 6-54 (23 satellites),"~17,100 kg (37,700 lb)"
329,"May 2, 202418:36[302]",F9 B5B1061‑20,"Vandenberg, SLC‑4E",WorldView Legion 1 & 2,"1,500 kg (3,300 lb)"
330,"May 3, 202402:37[304]",F9 B5B1067‑19,"Cape Canaveral, SLC‑40",Starlink: Group 6-55 (23 satellites),"~17,100 kg (37,700 lb)"
331,"May 6, 202418:14[305]",F9 B5B1069‑15,"Cape Canaveral, SLC‑40",Starlink: Group 6-57 (23 satellites),"~17,100 kg (37,700 lb)"
332,"May 8, 202418:42[306]",F9 B5B1083‑3,"Kennedy, LC‑39A",Starlink: Group 6-56 (23 satellites),"~17,100 kg (37,700 lb)"
333,"May 10, 202404:30[307]",F9 B5B1082‑4,"Vandenberg, SLC‑4E",Starlink: Group 8-2 (20 satellites),"~16,300 kg (35,900 lb)"
334,"May 13, 202400:53[308]",F9 B5B1073‑15,"Cape Canaveral, SLC‑40",Starlink: Group 6-58 (23 satellites),"~17,100 kg (37,700 lb)"
335,"May 14, 202418:39[309]",F9 B5B1063‑18,"Vandenberg, SLC‑4E",Starlink: Group 8-7 (20 satellites),"~16,300 kg (35,900 lb)"
336,"May 18, 202400:32[310]",F9 B5B1062‑21,"Cape Canaveral, SLC‑40",Starlink: Group 6-59 (23 satellites),"~17,100 kg (37,700 lb)"
337,"May 22, 202408:00[311]",F9 B5B1071‑16,"Vandenberg, SLC‑4E",NROL-146 (21 Starshield satellites),Unknown
338,"May 23, 202402:35[314]",F9 B5B1080‑8,"Cape Canaveral, SLC‑40",Starlink: Group 6-62 (23 satellites),"~17,100 kg (37,700 lb)"
339,"May 24, 202402:45[315]",F9 B5B1077‑13,"Kennedy, LC‑39A",Starlink: Group 6-63 (23 satellites),"~17,100 kg (37,700 lb)"
340,"May 28, 202414:24[316]",F9 B5B1078‑10,"Cape Canaveral, SLC‑40",Starlink: Group 6-60 (23 satellites),"~17,100 kg (37,700 lb)"
341,"May 28, 202422:20[317]",F9 B5B1081‑7,"Vandenberg, SLC‑4E",EarthCARE,"2,350 kg (5,180 lb)"
342,"June 1, 202402:37[319]",F9 B5B1076‑14,"Cape Canaveral, SLC‑40",Starlink: Group 6-64 (23 satellites),"~17,100 kg (37,700 lb)"
343,"June 5, 202402:16[321]",F9 B5B1067‑20,"Cape Canaveral, SLC‑40",Starlink: Group 8-5 (20 satellites),"~16,300 kg (35,900 lb)"
344,"June 8, 202401:56[322]",F9 B5B1069‑16,"Cape Canaveral, SLC‑40",Starlink: Group 10-1 (22 satellites),"~16,700 kg (36,800 lb)"
345,"June 8, 202412:58[323]",F9 B5B1061‑21,"Vandenberg, SLC‑4E",Starlink: Group 8-8 (20 satellites),"~16,300 kg (35,900 lb)"
346,"June 19, 202403:40[324]",F9 B5B1082‑5,"Vandenberg, SLC‑4E",Starlink: Group 9-1 (20 satellites),"~16,300 kg (35,900 lb)"
347,"June 20, 202421:35[325]",F9 B5B1080‑9,"Cape Canaveral, SLC‑40",Astra 1P,"5,000 kg (11,000 lb)"
348,"June 23, 202417:15[326]",F9 B5B1078‑11,"Cape Canaveral, SLC‑40",Starlink: Group 10-2 (22 satellites),"~16,700 kg (36,800 lb)"
349,"June 24, 202403:47[328]",F9 B5B1075‑11,"Vandenberg, SLC‑4E",Starlink: Group 9-2 (20 satellites),"~16,300 kg (35,900 lb)"
FH 10,"June 25, 202421:26[329]",Falcon Heavy B5B1087 (core),"Kennedy, LC‑39A",GOES-U (GOES-19)[330],"5,000 kg (11,000 lb)"
350,"June 27, 202411:14[332]",F9 B5B1062‑22,"Cape Canaveral, SLC‑40",Starlink: Group 10-3 (23 satellites),"~17,100 kg (37,700 lb)"
351,"June 29, 202403:14[333]",F9 B5B1081‑8,"Vandenberg, SLC‑4E",NROL-186 (~21 Starshield satellites),Unknown
352,"July 3, 202408:55[334]",F9 B5B1073‑16,"Cape Canaveral, SLC‑40",Starlink: Group 8-9 (20 satellites),"~16,300 kg (35,900 lb)"
353,"July 8, 202423:30[335]",F9 B5B1076‑15,"Cape Canaveral, SLC‑40",Türksat 6A,"4,250 kg (9,370 lb)"
354,"July 12, 202402:35[337]",F9 B5B1063‑19,"Vandenberg, SLC‑4E",Starlink: Group 9-3 (20 satellites),"~16,300 kg (35,900 lb)"
355,"July 27, 202405:45[345]",F9 B5B1069‑17,"Kennedy, LC‑39A",Starlink: Group 10-9 (23 satellites),"~17,100 kg (37,700 lb)"
356,"July 28, 202405:09[346]",F9 B5B1077‑14,"Cape Canaveral, SLC‑40",Starlink: Group 10-4 (23 satellites),"~17,100 kg (37,700 lb)"
357,"July 28, 202409:22[346]",F9 B5B1071‑17,"Vandenberg, SLC‑4E",Starlink: Group 9-4 (21 satellites),"~16,500 kg (36,400 lb)"
358,"August 2, 202405:01[347]",F9 B5B1078‑12,"Kennedy, LC‑39A",Starlink: Group 10-6 (23 satellites),"~17,100 kg (37,700 lb)"
359,"August 4, 202407:24[348]",F9 B5B1082‑6,"Vandenberg, SLC‑4E",Starlink: Group 11-1 (23 satellites),"~17,100 kg (37,700 lb)"
360,"August 4, 202415:02[349]",F9 B5B1080‑10,"Cape Canaveral, SLC‑40",CRS NG-21,"3,857 kg (8,503 lb)"
361,"August 10, 202412:50[350]",F9 B5B1067‑21,"Cape Canaveral, SLC‑40",Starlink: Group 8-3 (21 satellites),"~16,500 kg (36,400 lb)"
362,"August 12, 202402:02[351]",F9 B5B1061‑22,"Vandenberg, SLC‑4E",ASBM 1 (GX 10A) & ASBM 2 (GX 10B),"~7,230 kg (15,940 lb)[352]"
363,"August 12, 202410:37[357]",F9 B5B1073‑17,"Kennedy, LC‑39A",Starlink: Group 10-7 (23 satellites),"~17,100 kg (37,700 lb)"
364,"August 15, 202413:00[358]",F9 B5B1076‑16,"Cape Canaveral, SLC‑40",WorldView Legion 3 & 4,"1,500 kg (3,300 lb)"
365,"August 16, 202418:56[360]",F9 B5B1075‑12,"Vandenberg, SLC-4E",Transporter-11 (116 payload smallsat rideshare),Unknown[j]
366,"August 20, 202413:20[361]",F9 B5B1085‑1,"Cape Canaveral, SLC‑40",Starlink: Group 10-5 (23 satellites),"~16,700 kg (36,800 lb)"
367,"August 28, 202407:48[362]",F9 B5B1062‑23,"Cape Canaveral, SLC‑40",Starlink: Group 8-6 (21 satellites),"~16,700 kg (36,800 lb)"
368,"August 31, 202407:43[366]",F9 B5B1069‑18,"Cape Canaveral, SLC‑40",Starlink: Group 8-10 (21 satellites),"~16,700 kg (36,800 lb)"
369,"August 31, 202408:48[367]",F9 B5B1081‑9,"Vandenberg, SLC-4E",Starlink: Group 9-5 (21 satellites),"~16,700 kg (36,800 lb)"
370,"September 5, 202415:33[368]",F9 B5B1077‑15,"Cape Canaveral, SLC‑40",Starlink: Group 8-11 (21 satellites),"~16,700 kg (36,800 lb)"
371,"September 6, 202403:20[369]",F9 B5B1063‑20,"Vandenberg, SLC‑4E",NROL-113 (21 Starshield satellites),Unknown
372,"September 10, 202409:23[370]",F9 B5B1083‑4,"Kennedy, LC‑39A",Polaris Dawn (Crew Dragon C207-3 Resilience),"~13,000 kg (29,000 lb)"
373,"September 12, 202408:52[374]",F9 B5B1078‑13,"Cape Canaveral, SLC‑40",BlueBird Block 1 (5 satellites)[375],"7,500 kg (16,500 lb)"
374,"September 13, 202401:45[376]",F9 B5B1071‑18,"Vandenberg, SLC-4E",Starlink: Group 9-6 (21 satellites),"~16,700 kg (36,800 lb)"
375,"September 17, 202422:50[377]",F9 B5B1067‑22,"Cape Canaveral, SLC‑40",Galileo-L13 (FOC FM26 & FM32),"1,600 kg (3,500 lb)"
376,"September 20, 202413:50[379]",F9 B5B1075‑13,"Vandenberg, SLC-4E",Starlink: Group 9-17 (20 satellites),"~16,300 kg (35,900 lb)"
377,"September 25, 202404:01[380]",F9 B5B1081‑10,"Vandenberg, SLC-4E",Starlink: Group 9-8 (20 satellites),"~16,300 kg (35,900 lb)"
378,"September 28, 202417:17[381]",F9 B5 B1085‑2,"Cape Canaveral, SLC‑40",Crew-9 (Crew Dragon C212-4 Freedom),"~13,000 kg (29,000 lb)"
379,"October 7, 202414:52[388]",F9 B5B1061‑23,"Cape Canaveral, SLC‑40",Hera,"1,108 kg (2,443 lb)"
FH 11,"October 14, 202416:06[390]",Falcon Heavy B5 B1089 (core),"Kennedy, LC‑39A",Europa Clipper,"6,065 kg (13,371 lb)"
380,"October 15, 202406:10[397]",F9 B5B1080‑11,"Cape Canaveral, SLC‑40",Starlink: Group 10-10 (23 satellites),"~17,100 kg (37,700 lb)"
381,"October 15, 202408:21[398]",F9 B5B1071‑19,"Vandenberg, SLC-4E",Starlink: Group 9-7 (20 satellites),"~16,300 kg (35,900 lb)"
382,"October 18, 202423:31[399]",F9 B5B1076‑17,"Cape Canaveral, SLC‑40",Starlink: Group 8-19 (20 satellites),"~16,300 kg (35,900 lb)"
383,"October 20, 202405:13[400]",F9 B5B1082‑7,"Vandenberg, SLC-4E",OneWeb #20 (20 satellites),"2,954 kg (6,512 lb)"
384,"October 23, 202421:47[401]",F9 B5B1073‑18,"Cape Canaveral, SLC‑40",Starlink: Group 6-61 (23 satellites),"~17,100 kg (37,700 lb)"
385,"October 24, 202417:13[402]",F9 B5B1063‑21,"Vandenberg, SLC-4E",NROL-167 (~17 Starshield satellites),Unknown
386,"October 26, 202421:47[403]",F9 B5B1069‑19,"Cape Canaveral, SLC‑40",Starlink: Group 10-8 (22 satellites),"~16,700 kg (36,800 lb)"
387,"October 30, 202412:07[404]",F9 B5B1075‑14,"Vandenberg, SLC-4E",Starlink: Group 9-9 (20 satellites),"~16,300 kg (35,900 lb)"
388,"October 30, 202421:10[405]",F9 B5B1078‑14,"Cape Canaveral, SLC‑40",Starlink: Group 10-13 (23 satellites),"~17,100 kg (37,700 lb)"
389,"November 5, 202402:29[406]",F9 B5B1083‑5,"Kennedy, LC‑39A",SpaceX CRS-31 (Cargo Dragon C208-5),"2,762 kg (6,089 lb)"
390,"November 7, 202420:19[409]",F9 B5B1085‑3,"Cape Canaveral, SLC‑40",Starlink: Group 6-77 (23 satellites),"~17,100 kg (37,700 lb)"
391,"November 9, 202406:14[410]",F9 B5B1081‑11,"Vandenberg, SLC-4E",Starlink: Group 9-10 (20 satellites),"~16,300 kg (35,900 lb)"
392,11 November 202417:22[411],F9 B5B1067‑23,"Kennedy, LC‑39A",Koreasat 6A,"3,900 kg (8,600 lb)"
393,"November 11, 202421:28[414]",F9 B5B1080‑12,"Cape Canaveral, SLC‑40",Starlink: Group 6-69 (24 satellites),"~17,500 kg (38,600 lb)"
394,"November 14, 202405:23[415]",F9 B5B1082‑8,"Vandenberg, SLC-4E",Starlink: Group 9-11 (20 satellites),"~16,300 kg (35,900 lb)"
395,"November 14, 202413:21[416]",F9 B5B1076‑18,"Cape Canaveral, SLC‑40",Starlink: Group 6-68 (24 satellites),"~17,500 kg (38,600 lb)"
396,"November 17, 202422:28[417]",F9 B5B1077‑16,"Kennedy, LC‑39A",Optus-X/TD7,"~4,000 kg (8,800 lb)[418]"
397,"November 18, 202405:53[419]",F9 B5B1071‑20,"Vandenberg, SLC-4E",Starlink: Group 9-12 (20 satellites),"~16,300 kg (35,900 lb)"
398,"November 18, 202418:31[420]",F9 B5B1073‑19,"Cape Canaveral, SLC‑40",GSAT-20 (GSAT-N2),"4,700 kg (10,400 lb)"
399,"November 21, 202416:07[422]",F9 B5B1069‑20,"Cape Canaveral, SLC‑40",Starlink: Group 6-66 (24 satellites),"~17,500 kg (38,600 lb)"
400,"November 24, 202405:25[423]",F9 B5B1075‑15,"Vandenberg, SLC-4E",Starlink: Group 9-13 (20 satellites),"~16,300 kg (35,900 lb)"
401,"November 25, 202410:02[424]",F9 B5B1080‑13,"Cape Canaveral, SLC‑40",Starlink: Group 12-1 (23 satellites),"~17,100 kg (37,700 lb)"
402,"November 27, 202404:41[426]",F9 B5B1078‑15,"Kennedy, LC‑39A",Starlink: Group 6-76 (24 satellites),"~17,500 kg (38,600 lb)"
403,"November 30, 202405:00[427]",F9 B5B1083‑6,"Cape Canaveral, SLC‑40",Starlink: Group 6-65 (24 satellites),"~17,500 kg (38,600 lb)"
404,"November 30, 202408:10[428]",F9 B5B1088‑1,"Vandenberg, SLC-4E",NROL-126 (2 Starshield satellites) + Starlink: Group N-01[429] (20 satellites),"~16,100 kg (35,500 lb)(Starlink)"
405,"December 4, 202410:13[430]",F9 B5B1067‑24,"Cape Canaveral, SLC‑40",Starlink: Group 6-70 (24 satellites),"~17,500 kg (38,600 lb)"
406,"December 5, 202403:05[431]",F9 B5B1081‑12,"Vandenberg, SLC-4E",Starlink: Group 9-14 (20 satellites),"~16,300 kg (35,900 lb)"
407,"December 5, 202416:10[432]",F9 B5B1076‑19,"Kennedy, LC‑39A",SXM-9,"7,000 kg (15,000 lb)"
408,"December 8, 202405:12[435]",F9 B5B1086‑2,"Cape Canaveral, SLC‑40",Starlink: Group 12-5 (23 satellites),"~17,100 kg (37,700 lb)"
409,"December 13, 202421:55[436]",F9 B5B1082‑9,"Vandenberg, SLC-4E",Starlink: Group 11-2 (22 satellites),"~16,700 kg (36,800 lb)"
410,"December 17, 202400:52[437]",F9 B5B1085‑4,"Cape Canaveral, SLC‑40",GPS III-7 (RRT-1)[438][439],"~4,350 kg (9,590 lb)"
411,"December 17, 202413:19[440]",F9 B5B1063‑22,"Vandenberg, SLC‑4E",NROL-149 (22 Starshield satellites)[441],Unknown
412,"December 17, 202422:26[442]",F9 B5B1090‑1,"Kennedy, LC‑39A",O3b mPOWER 7 & 8,"3,400 kg (7,500 lb)"
413,"December 21, 202411:34[444]",F9 B5B1071‑21,"Vandenberg, SLC-4E",Bandwagon-2 (30 payload smallsat rideshare)[271][291]425 Project Flight 3,"800 kg (1,800 lb)(main satellite) + unknown additional"
414,"December 23, 202405:35[446]",F9 B5B1080‑14,"Kennedy, LC‑39A",Starlink: Group 12-2 (21 satellites),"~16,500 kg (36,400 lb)"
415,"December 29, 202401:58[447]",F9 B5B1075‑16,"Vandenberg, SLC-4E",Starlink: Group 11-3 (22 satellites),"~16,700 kg (36,800 lb)"
416,"December 29, 202405:00[448]",F9 B5B1083‑7,"Cape Canaveral, SLC‑40",Astranis: From One to Many (4 satellites),"1,600 kg (3,500 lb)"
417,"December 31, 202405:39[450]",F9 B5B1078‑16,"Kennedy, LC‑39A",Starlink: Group 12-6 (21 satellites),"~16,500 kg (36,400 lb)"
418,"January 4, 202501:27[455]",F9 B5B1073‑20,"Cape Canaveral, SLC‑40",Thuraya 4-NGS,"5,000 kg (11,000 lb)"
419,"January 6, 202520:43[458]",F9 B5B1077‑17,"Cape Canaveral, SLC‑40",Starlink: Group 6‑71 (24 satellites),"~17,500 kg (38,600 lb)"
420,"January 8, 202515:27[459]",F9 B5B1086‑3,"Kennedy, LC‑39A",Starlink: Group 12-11 (21 satellites),"~16,500 kg (36,400 lb)"
421,"January 10, 202503:53[460]",F9 B5B1071‑22,"Vandenberg, SLC‑4E",NROL-153 (22 Starshield satellites)[461],Unknown
422,"January 10, 202519:11[462]",F9 B5B1067‑25,"Cape Canaveral, SLC‑40",Starlink: Group 12-12 (21 satellites),"~16,500 kg (36,400 lb)"
423,"January 13, 202516:47[463]",F9 B5B1080‑15,"Cape Canaveral, SLC‑40",Starlink: Group 12-4 (21 satellites),"~16,500 kg (36,400 lb)"
424,"January 14, 202519:09[464]",F9 B5B1088‑2,"Vandenberg, SLC‑4E",Transporter-12 (131 payload smallsat rideshare),"2,000 kg (4,400 lb)"
425,"January 15, 202506:11[465]",F9 B5B1085‑5,"Kennedy, LC‑39A",Blue Ghost Mission 1,"2,517 kg (5,549 lb)"
426,"January 21, 202505:24[471]",F9 B5B1083‑8,"Kennedy, LC‑39A",Starlink: Group 13-1 (21 satellites) + 2 Starshield satellites,"~15,300 kg (33,700 lb)(Starlink)"
427,"January 21, 202515:45[473]",F9 B5B1082‑10,"Vandenberg, SLC‑4E",Starlink: Group 11-8 (27 satellites),"~15,500 kg (34,200 lb)"
428,"January 24, 202514:07[474]",F9 B5B1063‑23,"Vandenberg, SLC‑4E",Starlink: Group 11-6 (23 satellites),"~17,100 kg (37,700 lb)"
429,"January 27, 202522:05[475]",F9 B5B1076‑20,"Cape Canaveral, SLC‑40",Starlink: Group 12-7 (21 satellites),"~16,500 kg (36,400 lb)"
430,"January 30, 202501:34[476]",F9 B5B1073‑21,"Kennedy, LC‑39A",Spainsat NG I,"6,100 kg (13,400 lb)[477]"
431,"February 1, 202523:02[479]",F9 B5B1075‑17,"Vandenberg, SLC-4E",Starlink: Group 11-4 (22 satellites),"~16,700 kg (36,800 lb)"
432,"February 4, 202510:15[483]",F9 B5B1069‑21,"Cape Canaveral, SLC‑40",Starlink: Group 12-3 (21 satellites),"~16,500 kg (36,400 lb)"
433,"February 4, 202523:13[484]",F9 B5B1086‑4,"Kennedy, LC‑39A",WorldView Legion 5 & 6 (2 satellites),"1,500 kg (3,300 lb)"
434,"February 8, 202519:18[488]",F9 B5B1078‑17,"Cape Canaveral, SLC‑40",Starlink: Group 12-9 (21 satellites),"~16,500 kg (36,400 lb)"
435,"February 11, 202502:09[489]",F9 B5B1071‑23,"Vandenberg, SLC-4E",Starlink: Group 11-10 (23 satellites),"~17,100 kg (37,700 lb)"
436,"February 11, 202518:53[490]",F9 B5B1077‑18,"Cape Canaveral, SLC‑40",Starlink: Group 12-18 (21 satellites),"~16,500 kg (36,400 lb)"
437,"February 15, 202506:14",F9 B5 B1067‑26,"Cape Canaveral, SLC‑40",Starlink: Group 12-8 (21 satellites),"~16,500 kg (36,400 lb)"
438,"February 18, 202523:21[491]",F9 B5B1080‑16,"Cape Canaveral, SLC‑40",Starlink: Group 10-12 (23 satellites),"~17,100 kg (37,700 lb)"
439,"February 21, 202515:19",F9 B5B1076‑21,"Cape Canaveral, SLC‑40",Starlink: Group 12-14 (23 satellites),"~17,100 kg (37,700 lb)"
440,"February 23, 202501:38",F9 B5B1082‑11,"Vandenberg, SLC‑4E",Starlink: Group 15-1 (22 satellites),"~16,800 kg (37,000 lb)"
441,"February 27, 202500:16[492]",F9 B5B1083‑9,"Kennedy, LC‑39A[493]","IM-2 Nova-C ""Athena"" lunar landerLunar TrailblazerBrokkr-2 Odin[494]Chimera-1TBD",Unknown
442,"February 27, 202503:34",F9 B5B1092‑1[497],"Cape Canaveral, SLC‑40",Starlink: Group 12-13 (21 satellites),"~16,500 kg (36,400 lb)"
443,"March 3, 202502:24[499]",F9 B5B1086‑5,"Cape Canaveral, SLC‑40",Starlink: Group 12-20 (21 satellites),"~16,500 kg (36,400 lb)"
444,"March 12, 202503:10[502]",F9 B5B1088‑3,"Vandenberg, SLC‑4E",SPHERExPUNCH[503],"758 kg (1,671 lb)"
445,"March 13, 202502:35[504]",F9 B5B1069‑22,"Cape Canaveral, SLC‑40",Starlink: Group 12-21,"~16,500 kg (36,400 lb)"
446,"March 14, 202523:03[505]",F9 B5B1090‑2,"Kennedy, LC‑39A",Crew-10 (Crew Dragon C210-4 Endurance),"~13,000 kg (29,000 lb)"
447,"March 15, 202506:43[506]",F9 B5B1081‑13,"Vandenberg, SLC‑4E",Transporter-13 (74 payload smallsat rideshare)[271],Unknown[j]
448,"March 15, 202511:35[507]",F9 B5B1078‑18,"Cape Canaveral, SLC‑40",Starlink: Group 12-16,"~17,100 kg (37,700 lb)"
449,"March 18, 202519:57[508]",F9 B5B1077‑19,"Cape Canaveral, SLC‑40",Starlink: Group 12-25,"~17,100 kg (37,700 lb)"
450,"March 21, 202506:49[509]",F9 B5B1088‑4,"Vandenberg, SLC‑4E",NROL-57 (~11 Starshield satellites),Unknown
451,"March 24, 202517:48[510]",F9 B5B1092‑2,"Cape Canaveral, SLC‑40",NROL-69,Unknown
452,"March 26, 202522:11[512]",F9 B5B1063‑24,"Vandenberg, SLC‑4E",Starlink: Group 11-7,"~15,500 kg (34,200 lb)"
453,"March 31, 202519:52[513]",F9 B5B1080‑17,"Cape Canaveral, SLC‑40",Starlink: Group 6-80,"~16,100 kg (35,500 lb)"
454,"April 1, 202501:46[514]",F9 B5B1085‑6,"Kennedy, LC‑39A",Fram2 (Crew Dragon C207-4 Resilience),"~13,000 kg (29,000 lb)"
455,"April 4, 202501:02[517]",F9 B5B1088‑5,"Vandenberg, SLC‑4E",Starlink: Group 11-13,"~15,500 kg (34,200 lb)"
456,"April 6, 202503:07[518]",F9 B5B1078‑19,"Cape Canaveral, SLC‑40",Starlink: Group 6-72,"~16,100 kg (35,500 lb)"
457,"April 7, 202523:06[519]",F9 B5B1093‑1,"Vandenberg, SLC‑4E",Starlink: Group 11-11,"~15,500 kg (34,200 lb)"
458,"April 12, 202512:25[520]",F9 B5B1071‑24,"Vandenberg, SLC‑4E",NROL-192 (22 Starshield satellites),Unknown
459,"April 13, 202500:53[521]",F9 B5B1083‑10,"Kennedy, LC‑39A",Starlink: Group 12-17,"~16,500 kg (36,400 lb)"
460,"April 14, 202504:00[522]",F9 B5B1067‑27,"Cape Canaveral, SLC‑40",Starlink: Group 6-73,"~15,500 kg (34,200 lb)"
461,"April 20, 202512:29[523]",F9 B5B1082‑12,"Vandenberg, SLC‑4E",NROL-145 (22 Starshield satellites),Unknown
462,"April 21, 202508:15[524]",F9 B5 B1092‑3,"Kennedy, LC‑39A",SpaceX CRS-32 (Cargo Dragon C209-5),"3,021 kg (6,660 lb)"
463,"April 22, 202500:48[526]",F9 B5B1090‑3,"Cape Canaveral, SLC‑40","Bandwagon-3 (425Sat-3,[527] Tomorrow-S7, PHOENIX)",Unknown[j]
464,"April 25, 202501:52[528]",F9 B5B1069‑23,"Cape Canaveral, SLC‑40",Starlink: Group 6-74,"~16,100 kg (35,500 lb)"
465,"April 28, 202502:09[529]",F9 B5B1077‑20,"Cape Canaveral, SLC‑40",Starlink: Group 12-23,"~17,100 kg (37,700 lb)"
466,"April 28, 202520:42[530]",F9 B5B1063‑25,"Vandenberg, SLC‑4E",Starlink: Group 11-9,"~15,500 kg (34,200 lb)"
467,"April 29, 202502:34[531]",F9 B5B1094‑1,"Kennedy, LC‑39A",Starlink: Group 12-10,"~17,100 kg (37,700 lb)"
468,"May 2, 202501:51[532]",F9 B5B1080‑18,"Cape Canaveral, SLC‑40",Starlink: Group 6-75,"~16,100 kg (35,500 lb)"
469,"May 4, 202508:54[533]",F9 B5B1078‑20,"Kennedy, LC‑39A",Starlink: Group 6-84,"~16,675 kg (36,762 lb)"
470,"May 7, 202501:17[534]",F9 B5B1085‑7,"Cape Canaveral, SLC‑40",Starlink: Group 6-93,"~16,100 kg (35,500 lb)"
471,"May 10, 202500:19[535]",F9 B5B1081‑14,"Vandenberg, SLC‑4E",Starlink: Group 15-3,"~14,950 kg (32,960 lb)"
472,"May 10, 202506:28[536]",F9 B5B1083‑11,"Cape Canaveral, SLC‑40",Starlink: Group 6-91,"~16,100 kg (35,500 lb)"
473,"May 13, 202501:15[538]",F9 B5B1088‑6,"Vandenberg, SLC‑4E",Starlink: Group 15-4,"~14,950 kg (32,960 lb)"
474,"May 13, 202505:02[539]",F9 B5B1067‑28,"Kennedy, LC‑39A",Starlink: Group 6-83,"~16,100 kg (35,500 lb)"
475,"May 14, 202516:38[540]",F9 B5B1090‑4,"Cape Canaveral, SLC‑40",Starlink: Group 6-67,"~16,100 kg (35,500 lb)"
476,"May 16, 202513:43[541]",F9 B5B1093‑2,"Vandenberg, SLC‑4E",Starlink: Group 15-5,"~14,950 kg (32,960 lb)"
477,"May 21, 202503:19[542]",F9 B5B1095‑1,"Cape Canaveral, SLC‑40",Starlink: Group 12-15,"~17,100 kg (37,700 lb)"
478,"May 23, 202522:32[543]",F9 B5B1075‑18,"Vandenberg, SLC‑4E",Starlink: Group 11-16,"~15,500 kg (34,200 lb)"
479,"May 24, 202517:19[544]",F9 B5B1069‑24,"Cape Canaveral, SLC‑40",Starlink: Group 12-22,"~17,100 kg (37,700 lb)"
480,"May 27, 202516:57[545]",F9 B5B1082‑13,"Vandenberg, SLC‑4E",Starlink: Group 17-1,"~17,500 kg (38,600 lb)"
481,"May 28, 202513:30[546]",F9 B5B1080‑19,"Kennedy, LC‑39A",Starlink: Group 10-32,"~15,500 kg (34,200 lb)"
482,"May 30, 202517:37[547]",F9 B5B1092‑4,"Cape Canaveral, SLC‑40",GPS III-8,"4,350 kg (9,590 lb)"
483,"May 31, 202520:10[548]",F9 B5B1071‑25,"Vandenberg, SLC‑4E",Starlink: Group 11-18,"~15,500 kg (34,200 lb)"
484,"June 3, 202504:43[549]",F9 B5B1077‑21,"Cape Canaveral, SLC‑40",Starlink: Group 12-19,"~17,100 kg (37,700 lb)"
485,"June 4, 202523:40[551]",F9 B5B1063‑26,"Vandenberg, SLC‑4E",Starlink: Group 11-22,"~15,500 kg (34,200 lb)"
486,"June 7, 202504:54[552]",F9 B5B1085‑8,"Cape Canaveral, SLC‑40",SXM-10,"6,400 kg (14,100 lb)"
487,"June 8, 202514:20[553]",F9 B5B1088‑7,"Vandenberg, SLC‑4E",Starlink: Group 15-8,"~14,950 kg (32,960 lb)"
488,"June 10, 202513:05[554]",F9 B5B1083‑12,"Cape Canaveral, SLC‑40",Starlink: Group 12-24,"~17,100 kg (37,700 lb)"
489,"June 13, 202501:54[555]",F9 B5B1081‑15,"Vandenberg, SLC‑4E",Starlink: Group 15-6,"~14,950 kg (32,960 lb)"
490,"June 13, 202515:29[556]",F9 B5B1078‑21,"Cape Canaveral, SLC‑40",Starlink: Group 12-26,"~17,100 kg (37,700 lb)"
491,"June 17, 202503:36[557]",F9 B5B1093‑3,"Vandenberg, SLC‑4E",Starlink: Group 15-9,"~14,950 kg (32,960 lb)"
492,"June 18, 202505:55[558]",F9 B5B1090‑5,"Cape Canaveral, SLC‑40",Starlink: Group 10-18,"~16,100 kg (35,500 lb)"
493,"June 23, 202505:58[559]",F9 B5B1069‑25,"Cape Canaveral, SLC‑40",Starlink: Group 10-23,"~15,500 kg (34,200 lb)"
494,"June 23, 202521:25[560]",F9 B5B1071‑26,"Vandenberg, SLC‑4E",Transporter-14 (70 payloads smallsat rideshare)[271],Unknown[j]
495,"June 25, 202506:31[561]",F9 B5B1094‑2,"Kennedy, LC‑39A",Axiom Mission 4 (Crew Dragon C213-1 Grace),"~13,000 kg (29,000 lb)"
496,"June 25, 202519:54[562]",F9 B5B1080‑20,"Cape Canaveral, SLC‑40",Starlink: Group 10-16,"~15,500 kg (34,200 lb)"
497,"June 28, 202504:26[563]",F9 B5B1092‑5,"Cape Canaveral, SLC‑40",Starlink: Group 10-34,"~15,500 kg (34,200 lb)"
498,"June 28, 202517:13[563]",F9 B5B1088‑8,"Vandenberg, SLC‑4E",Starlink: Group 15-7,"~14,950 kg (32,960 lb)"
499,"July 1, 202521:04[564]",F9 B5B1085‑9,"Kennedy, LC‑39A",MTG-S1 / Sentinel-4A[565],"3,800 kg (8,400 lb)"
500,"July 2, 202506:28[566]",F9 B5B1067‑29,"Cape Canaveral, SLC‑40",Starlink: Group 10-25,"~15,500 kg (34,200 lb)"
501,"July 8, 202508:21[567]",F9 B5B1077‑22,"Cape Canaveral, SLC‑40",Starlink: Group 10-28,"~16,100 kg (35,500 lb)"
502,"July 13, 202505:04[568]",F9 B5B1083‑13,"Cape Canaveral, SLC‑40",Dror-1 [he],"4,000 kg (8,800 lb)"
503,"July 16, 202502:05[571]",F9 B5B1093‑4,"Vandenberg, SLC‑4E",Starlink: Group 15-2,"~14,950 kg (32,960 lb)"
504,"July 16, 202506:30[572]",F9 B5B1096‑1,"Cape Canaveral, SLC‑40",KuiperSat × 24 (KF-01),"~14,784 kg (32,593 lb)"
505,"July 19, 202503:52[575]",F9 B5B1082‑14,"Vandenberg, SLC‑4E",Starlink: Group 17-3,"~17,500 kg (38,600 lb)"
22 July 202518:13[580],F9 B5B1081‑16,"Vandenberg, SLC‑4E",TRACERS[581] (2 satellites)+ 3 rideshares,SSO,NASA
22 July 202521:12[583],F9 B5B1090‑6,"Cape Canaveral, SLC‑40",O3b mPOWER 9 & 10[584],MEO,SES
24 July 202509:12,F9 B5,"Cape Canaveral, SLC‑40",Starlink: Group 10-26,LEO,SpaceX
26 July 202502:09,F9 B5,"Vandenberg, SLC‑4E",Starlink: Group 17-2,LEO,SpaceX
29 July 202515:39,F9 B5,"Vandenberg, SLC‑4E",Starlink: Group 13-4,SSO,SpaceX
31 July 202516:09[585],F9 B5B1094‑3,"Kennedy, LC‑39A",Crew-11 (Crew Dragon C206-6 Endeavour),LEO (ISS),NASA (CCP)
July 2025,F9 B5,TBA (FL),Bandwagon-4 (smallsat rideshare)[271][291],LEO,Various
August 2025,F9 B5,TBA (FL),SpaceX CRS-33,LEO (ISS),NASA (CRS)
August 2025[579],F9 B5,TBA (FL),Nusantara Lima,GTO?,PT Pasifik Satelit Nusantara
September 2025,F9 B5,"Vandenberg, SLC‑4E",SDA Tranche 1 Transport Layer B,Polar LEO,SDA
September 2025[592],F9 B5,"Cape Canaveral, SLC‑40",Interstellar Mapping and Acceleration Probe (IMAP)[593],Sun–Earth L1,NASA
Q3 2025,F9 B5,"Vandenberg, SLC‑4E",NAOS LUXEOSys[594],SSO,Luxembourg Armed Forces
Q3 2025,F9 B5,TBA (FL),KuiperSat × ? (KF-02),LEO,Amazon (Kuiper Systems)
Q4 2025,F9 B5,TBA (FL),KuiperSat × ? (KF-03),LEO,Amazon (Kuiper Systems)
Q3 2025,F9 B5,"Vandenberg, SLC‑4E",SDA Tranche 1 Tracking Layer A,Polar LEO,SDA
Q3 2025,F9 B5,"Vandenberg, SLC‑4E",SDA Tranche 1 Tracking Layer C,Polar LEO,SDA
Q3 2025,F9 B5,"Vandenberg, SLC‑4E",SDA Tranche 1 Tracking Layer E,Polar LEO,SDA
October 2025[595],F9 B5,TBA (FL),Spainsat NG II[596],GTO,Hisdesat
October 2025,F9 B5,TBD,Transporter-15 (smallsat rideshare)[271],SSO,Various
October 2025,F9 B5,"Vandenberg, SLC‑4E",TSIS-2 & others,SSO,NASA
November 2025,F9 B5,"Vandenberg, SLC‑4E",Sentinel-6B[597],LEO,NASA/NOAA/EUMETSAT/ESA
December 2025[599],Falcon Heavy B5B1091 (core),"Kennedy, LC‑39A",Griffin Mission 1[600],TLI,AstroboticNASA (Artemis)
Q4 2025,F9 B5,"Vandenberg, SLC‑4E",SDA Tranche 1 Transport Layer A,Polar LEO,SDA
Q4 2025,F9 B5,"Vandenberg, SLC‑4E",SDA Tranche 1 Transport Layer C,Polar LEO,SDA
Q4 2025,F9 B5,"Vandenberg, SLC‑4E",SDA Tranche 1 Transport Layer D,Polar LEO,SDA
Q4 2025,F9 B5,"Vandenberg, SLC‑4E",SDA Tranche 1 Transport Layer E,Polar LEO,SDA
Q4 2025,F9 B5,"Vandenberg, SLC‑4E",SDA Tranche 1 Transport Layer F,Polar LEO,SDA
Q4 2025,F9 B5,TBA (FL),KOMPSAT-7A,SSO,Korea Aerospace Research Institute
2025,F9 B5,TBA (FL),Globalstar-3 M104–120 (17 satellites)[606],LEO,Globalstar
2025[608],F9 B5[609],TBA (FL)[610],USSF-36,TBA,USSF
2025,F9 B5,TBA (FL),USSF-31[591],TBA,USSF
2025,F9 B5,TBA (FL),NROL-77[438][439],Classified,NRO
2025?,F9 B5,TBA (FL),CRS NG-22 or NG-23?,LEO (ISS),Northrop Grumman (CRS)
2025,F9 B5,TBA (FL),Astranis Block 3 Mission (5 satellites),GTO,Astranis
~2025[613][614],F9 B5,TBA (FL),BlueBird Block 2 #7-10 (4 satellites),LEO,AST SpaceMobile
~2025[616],F9 B5,TBA (FL),BlueBird Block 2 #11-14 (4 satellites),LEO,AST SpaceMobile
Q1 2026,F9 B5,TBD,Transporter-16 (smallsat rideshare)[271],SSO,Various
May 2026,F9 B5,TBD,Haven-1[617],LEO,Vast
Late June 2026,F9 B5,"Kennedy, LC‑39A",Vast-1[617],LEO,Vast
Q2 2026,F9 B5,TBD,Transporter-17 (smallsat rideshare)[271],SSO,Various
Q2 2026,F9 B5,TBA (FL),CHORUS[618],LEO,MDA
August 2026,F9 B5,"Vandenberg, SLC‑4E",SDA Tranche 2 Transport layer A[438][439],Polar LEO,SDA
October 2026,F9 B5,"Vandenberg, SLC‑4E",SDA Tranche 2 Transport layer C[438][439],Polar LEO,SDA
October 2026,F9 B5,"Vandenberg, SLC‑4E",SDA Tranche 2 Transport layer D[438][439],Polar LEO,SDA
December 2026,F9 B5,"Vandenberg, SLC‑4E",SDA Tranche 2 Transport layer E[438][439],Polar LEO,SDA
Q4 2026,F9 B5,TBD,Transporter-18 (smallsat rideshare)[271],SSO,Various
2026(2 flights),F9 B5,TBA (FL),SpaceX CRS-34 to SpaceX CRS-35[281],LEO (ISS),NASA (CRS)
2026,F9 B5,TBA (FL),Skynet 6A[619],GTO,Airbus / UK Ministry of Defence
2026[621],F9 B5,"Kennedy, LC‑39A",IM-3 Nova-C lunar lander,TLI,NASA (CLPS)Intuitive Machines
~2026,Falcon Heavy B5,"Kennedy, LC‑39A",USSF-75[438][439],GSO,USSF
~2026,Falcon Heavy B5,"Kennedy, LC‑39A",USSF-70[438][439],GSO,USSF
2026[625],F9 B5,TBA (FL),Arabsat 7A[120][626],GTO,Arabsat
2026[627],F9 B5,TBA (FL),Mission Robotic Vehicle (MRV) × 1[628]Mission Extension Pod (MEP) × 3,GTO,Northrop Grumman
2026[630],F9 B5,TBA (FL),O3b mPOWER 12 & 13,MEO,SES
2026[631],Falcon Heavy B5,"Kennedy, LC‑39A",Astrobotic Technology Lunar Lander[632],TLI,Astrobotic Technology
2026 and later(14 flights),F9 B5,TBD,Telesat Lightspeed × 18,LEO,Telesat
2026–2030,F9 B5,TBA (FL),3 more launches (Crew-12 through Crew-14)[634],LEO (ISS),NASA (ISS)
January 2027,F9 B5,"Vandenberg, SLC‑4E",SDA Tranche 2 Transport layer F[438][439],Polar LEO,SDA
February 2027,F9 B5,"Vandenberg, SLC‑4E",SDA Tranche 2 Transport layer G[438][439],Polar LEO,SDA
March 2027,F9 B5,"Vandenberg, SLC‑4E",SDA Tranche 2 Transport layer H[438][439],Polar LEO,SDA
Q1 2027,F9 B5,TBD,Transporter-19 (smallsat rideshare)[271],SSO,Various
April 2027,F9 B5,"Vandenberg, SLC‑4E",SDA Tranche 2 Transport layer I[438][439],Polar LEO,SDA
May 2027,F9 B5,"Vandenberg, SLC‑4E",SDA Tranche 2 Transport layer J[438][439],Polar LEO,SDA
May 2027[636],Falcon Heavy B5,"Kennedy, LC‑39A",Nancy Grace Roman Space Telescope[637],Sun–Earth L2,NASA
Q2 2027,F9 B5,TBD,Transporter-20 (smallsat rideshare)[271],SSO,Various
August 2027,F9 B5,TBA (FL),COSI[638],LEO,NASA
Q4 2027,F9 B5,TBD,Transporter-21 (smallsat rideshare)[271],SSO,Various
H2 2027,F9 B5,TBA (FL),GEO-KOMPSAT-3[639],GTO,KASA
2027,F9 B5,"Vandenberg, SLC‑4E",NROL-96[640],Classified,NRO
2027,Falcon Heavy B5,"Kennedy, LC‑39A",NROL-97[640],Classified,NRO
2027,F9 B5,"Vandenberg, SLC‑4E",NROL-157[640],Classified,NRO
2027,Falcon Heavy B5,"Kennedy, LC‑39A",USSF-186,TBA,USSF
2027,F9 B5,TBA (FL),USSF-234,TBA,USSF
2027,Falcon Heavy B5,"Kennedy, LC‑39A",USSF-174,TBA,USSF
2027,Falcon Heavy B5,"Kennedy, LC‑39A",USSF-15 (GPS IIIF-3),MEO,USSF
H2 2027[641],F9 B5,TBA (FL),Al Yah 4[642],GTO,Yahsat
2027,F9 B5,"Vandenberg, SLC‑4E",JPSS-4[643],SSO,NOAA
2027[644],F9 B5,TBA (FL),Thaicom-10[645],GTO,Thaicom
2027[646],Falcon Heavy B5,"Kennedy, LC‑39A",Power and Propulsion Element (PPE)Habitation and Logistics Outpost (HALO)[647],TLI,NASA (Artemis)
2027[648],F9 B5,TBA,IM-4,TLI,NASA (CLPS)Intuitive Machines
"July 5, 2028[649]",Falcon Heavy B5,"Kennedy, LC‑39A",Dragonfly,,NASA (New Frontiers Program)
2028[651],F9 B5,TBA (FL),NEO Surveyor[652],Sun–Earth L1,NASA
h2 2028[641],F9 B5,TBA (FL),Al Yah 5[642],GTO,Yahsat
2028[631][654],Falcon Heavy B5,"Kennedy, LC‑39A",GLS-1 (Dragon XL),TLI,NASA (Gateway Logistics Services)
July 2029[657],F9 B5,TBD,"GRACE-C1, C2[658]",Polar LEO,NASA / DLR
2029[631],Falcon Heavy B5,"Kennedy, LC‑39A",GLS-2 (Dragon XL)[659],TLI,NASA (Gateway Logistics Services)
TBD,F9 B5,TBD,CAS500-4[660] Likely Rideshare,SSO,Korea Aerospace Industries
